"","alcohol","sulfatos","ácido_cítrico","acidez_fija","calidad"
"1",9.4,0.56,0,7.4,5
"2",9.8,0.68,0,7.8,5
"3",9.8,0.65,0.04,7.8,5
"4",9.8,0.58,0.56,11.2,6
"5",9.4,0.56,0,7.4,5
"6",9.4,0.56,0,7.4,5
"7",9.4,0.46,0.06,7.9,5
"8",10,0.47,0,7.3,7
"9",9.5,0.57,0.02,7.8,7
"10",10.5,0.8,0.36,7.5,5
"11",9.2,0.54,0.08,6.7,5
"12",10.5,0.8,0.36,7.5,5
"13",9.9,0.52,0,5.6,5
"14",9.1,1.56,0.29,7.8,5
"15",9.2,0.88,0.18,8.9,5
"16",9.2,0.93,0.19,8.9,5
"17",10.5,0.75,0.56,8.5,7
"18",9.3,1.28,0.28,8.1,5
"19",9,0.5,0.08,7.4,4
"20",9.2,1.08,0.51,7.9,6
"21",9.4,0.53,0.48,8.9,6
"22",9.7,0.65,0.31,7.6,5
"23",9.5,0.91,0.21,7.9,5
"24",9.4,0.53,0.11,8.5,5
"25",9.7,0.63,0.14,6.9,6
"26",9.3,0.56,0.16,6.3,5
"27",9.5,0.59,0.24,7.6,5
"28",9.5,0.91,0.21,7.9,5
"29",9.4,0.55,0,7.1,5
"30",9.8,0.59,0,7.8,6
"31",10.1,0.54,0.07,6.7,5
"32",10.6,0.57,0,6.9,6
"33",9.8,0.66,0.12,8.3,5
"34",9.4,0.52,0.12,6.9,6
"35",9.2,0.55,0.25,5.2,5
"36",9.6,0.55,0,7.8,6
"37",10.8,0.6,0.14,7.8,6
"38",9.7,0.73,0.28,8.1,7
"39",9.8,0.48,0.09,5.7,4
"40",10.5,0.83,0.36,7.3,5
"41",10.5,0.83,0.36,7.3,5
"42",9.3,0.51,0.3,8.8,4
"43",10.5,0.9,0.2,7.5,6
"44",10.3,1.2,0.22,8.1,5
"45",9.5,0.52,0.02,6.8,5
"46",13.1,0.56,0.15,4.6,4
"47",9.2,0.73,0.43,7.7,5
"48",9.5,0.58,0.52,8.7,5
"49",9.2,0.56,0.23,6.4,5
"50",9.2,0.58,0.37,5.6,5
"51",9.2,0.74,0.26,8.8,5
"52",9.4,0.63,0.04,6.6,6
"53",9.4,0.64,0.04,6.6,6
"54",9.4,0.56,0.36,8.6,5
"55",10.2,0.63,0.15,7.6,6
"56",9.5,0.53,0.04,7.7,5
"57",9.6,0.63,0.57,10.2,5
"58",9.4,0.77,0.12,7.5,5
"59",10,0.59,0.18,7.8,5
"60",9.4,0.54,0.31,7.3,6
"61",9.2,0.64,0.4,8.8,5
"62",9.3,0.71,0.49,7.7,5
"63",9.5,0.62,0.16,7.5,7
"64",9.8,0.57,0.05,7,5
"65",10.9,0.39,0.05,7.2,5
"66",10.9,0.39,0.05,7.2,5
"67",9.6,0.58,0.11,7.5,5
"68",10.7,0.58,0.07,6.6,5
"69",10.7,0.79,0.57,9.3,5
"70",10.5,0.95,0.05,8,6
"71",9.5,0.54,0.08,7.7,6
"72",9.5,0.48,0.23,7.7,5
"73",9.5,0.48,0.22,7.7,5
"74",9.2,0.53,0.26,8.3,4
"75",9.6,0.82,0.54,9.7,5
"76",10.5,0.66,0.64,8.8,5
"77",10.5,0.66,0.64,8.8,5
"78",10.7,0.55,0,6.8,6
"79",10.1,0.52,0.12,6.7,5
"80",9.1,1.12,0.2,8.3,4
"81",9.2,0.56,0.2,6.2,5
"82",9.4,1.28,0.7,7.8,5
"83",9.1,0.57,0.47,7.4,5
"84",9.4,1.14,0.26,7.3,5
"85",10.3,0.78,0.48,6.3,6
"86",10.1,0.59,0.15,6.9,5
"87",9.9,1.95,0.28,8.6,6
"88",9.6,0.64,0.26,7.7,5
"89",9.5,1.22,0.44,9.3,5
"90",9,0.53,0.08,7,5
"91",9.5,0.54,0.26,7.9,5
"92",9.9,1.95,0.28,8.6,6
"93",9.8,1.98,0.29,8.6,5
"94",9.6,0.64,0.26,7.7,5
"95",10.5,0.48,0.04,5,4
"96",12.9,0.6,0.17,4.7,6
"97",10.7,0.56,0,6.8,5
"98",9.2,0.63,0.25,7,5
"99",9.8,0.56,0.06,7.6,5
"100",9,0.59,0.18,8.1,6
"101",10.2,0.61,0.3,8.3,6
"102",10.4,0.56,0.3,7.8,6
"103",9,0.59,0.18,8.1,6
"104",9.2,0.51,0.22,8.1,5
"105",9.4,0.48,0.24,7.2,5
"106",9.2,0.51,0.22,8.1,5
"107",9.3,1.31,0.68,7.8,5
"108",9.3,0.79,0.31,6.2,5
"109",9.6,0.8,0.53,8,6
"110",9.3,0.69,0.52,8.1,5
"111",9.5,0.93,0.19,7.8,5
"112",9.8,0.66,0.09,8.4,5
"113",9.8,0.66,0.1,8.4,5
"114",9.7,0.67,0.44,10.1,6
"115",9.5,0.93,0.19,7.8,5
"116",10.5,0.63,0.31,9.4,6
"117",10,0.61,0.28,8.3,6
"118",9.4,0.5,0.12,7.8,6
"119",10.9,0.6,0.04,8.8,6
"120",9.2,0.54,0.08,7,6
"121",9,0.57,0.09,7.3,5
"122",10.9,0.6,0.04,8.8,6
"123",9.2,0.52,0,7.3,5
"124",9.5,0.53,0,8,5
"125",9.5,0.48,0.17,7.8,5
"126",9.4,0.7,0.04,9,5
"127",10.9,0.49,0,8.2,5
"128",10.9,0.48,0,8.1,5
"129",10.5,0.92,0.16,8,7
"130",9.4,0.57,0.15,6.1,5
"131",9.4,0.66,0.56,8,5
"132",13,0.63,0.09,5.6,5
"133",13,0.63,0.09,5.6,5
"134",9.8,0.58,0.01,6.6,6
"135",9.9,0.55,0.05,7.9,6
"136",9.6,0.82,0.11,8.4,5
"137",9.5,0.77,0.15,8.3,5
"138",9.2,0.64,0.36,7.2,5
"139",9.5,0.54,0.19,7.8,5
"140",9.5,0.54,0.19,7.8,5
"141",9.6,0.82,0.11,8.4,5
"142",9.5,0.77,0.15,8.3,5
"143",14,0.79,0,5.2,6
"144",9.4,0.58,0.08,6.3,5
"145",14,0.79,0,5.2,6
"146",9.4,0.62,0.55,8.1,5
"147",10,0.52,0.02,5.8,5
"148",9.3,0.8,0.26,7.6,5
"149",10.2,0.58,0.1,6.9,6
"150",10.5,0.61,0.44,8.2,6
"151",10.3,0.53,0.47,7.3,6
"152",9.4,2,1,9.2,4
"153",10.1,0.54,0.03,7.5,5
"154",10.1,0.54,0.03,7.5,5
"155",10.5,0.72,0.42,7.1,5
"156",10.5,0.71,0.42,7.1,5
"157",10.5,0.72,0.42,7.1,5
"158",10.5,0.71,0.42,7.1,5
"159",9.3,0.5,0,7.1,5
"160",9.3,0.57,0.18,6.8,6
"161",9.6,0.56,0.03,7.6,5
"162",9.2,1.08,0.02,7.6,4
"163",10,0.56,0.04,7.8,6
"164",9.4,0.49,0.26,7.4,5
"165",9.4,0.49,0.26,7.3,5
"166",9.5,0.62,0.48,7.8,5
"167",10.2,0.52,0.1,6.8,5
"168",9,0.48,0.03,7.3,4
"169",10.4,0.55,0.07,6.8,6
"170",9.5,1.59,0.24,7.5,5
"171",9.1,0.33,0.03,7.9,4
"172",9.2,0.61,0.17,8,6
"173",9.2,0.61,0.17,8,6
"174",11.5,0.57,0.05,7.4,6
"175",9.5,0.47,0.21,7.3,5
"176",9.5,0.78,0.04,6.9,5
"177",9.5,0.47,0.21,7.3,5
"178",10.5,0.61,0.42,7.5,6
"179",9.6,0.56,0,7,5
"180",9.5,0.59,0.14,8.8,5
"181",9.5,0.59,0.14,8.8,5
"182",9.3,1.02,0.49,8.9,5
"183",9.3,0.52,0.02,7.2,5
"184",9.3,0.58,0.2,6.8,5
"185",9.3,0.58,0.21,6.7,6
"186",9.7,0.53,0.57,8.9,5
"187",9.2,0.55,0.48,7.4,5
"188",9.7,0.49,0.1,7.7,5
"189",9.5,0.55,0.33,7.9,5
"190",9.5,0.55,0.32,7.9,5
"191",9.4,0.62,0.35,8.2,5
"192",9.8,0.62,0.25,6.4,6
"193",9.5,0.61,0.12,6.8,5
"194",9.7,0.55,0.21,7.6,5
"195",9.7,0.55,0.21,7.6,5
"196",9.4,0.54,0.33,7.8,5
"197",10.2,0.59,0.3,7.3,5
"198",10.1,0.97,0.6,11.5,6
"199",13,0.85,0.08,5.4,7
"200",11.4,0.43,0.06,6.9,4
"201",10.3,0.82,0.47,9.6,7
"202",9.3,1.03,0.48,8.8,5
"203",9.5,0.79,0.11,6.8,5
"204",9.2,0.55,0.35,7,5
"205",9.2,0.56,0.36,7,6
"206",10.8,0.77,0.74,12.8,7
"207",10.8,0.77,0.74,12.8,7
"208",9.3,0.53,0.31,7.8,5
"209",9.4,0.67,0.28,7.8,5
"210",10.5,0.88,0.58,11,7
"211",12.4,0.86,0.6,9.7,6
"212",10,0.56,0.24,8,6
"213",10.2,0.67,0.64,11.6,6
"214",10.1,0.43,0.26,8.2,5
"215",9.8,0.71,0.08,7.8,6
"216",10.5,0.76,0.49,7,5
"217",11,0.57,0.16,8.7,5
"218",9.1,0.55,0.22,8.1,5
"219",9.7,0.54,0.19,7.5,5
"220",9.5,0.6,0.33,7.8,5
"221",9.4,0.59,0.37,7.8,6
"222",9.4,0.57,0.26,7.4,5
"223",9.5,0.6,0.04,6.8,5
"224",10,0.6,0.25,8.6,6
"225",10.4,0.57,0.36,8.4,4
"226",10.5,0.58,0.25,7.7,6
"227",9.5,1.61,0.5,8.9,6
"228",9.8,0.63,0.14,9,5
"229",10.5,0.58,0.25,7.7,6
"230",11,0.5,0.25,6.9,5
"231",12.2,0.62,0.04,5.2,7
"232",9.9,0.52,0.06,8,6
"233",9.6,0.7,0.2,8.5,6
"234",11,0.5,0.25,6.9,5
"235",9,0.55,0.09,8.2,6
"236",9,0.58,0,7.2,6
"237",9,0.58,0,7.2,6
"238",9.2,0.58,0,7.2,6
"239",9,0.58,0,7.2,6
"240",9,0.55,0.09,8.2,6
"241",9.3,1.09,0.37,8.9,5
"242",10.9,0.71,0.56,12,6
"243",9.8,0.49,0.1,7.7,6
"244",9.2,0.84,0.44,15,7
"245",9.2,0.84,0.44,15,7
"246",9.9,0.96,0,7.3,6
"247",9.5,0.52,0.07,7.1,5
"248",9.3,0.45,0.17,8.2,5
"249",9.8,0.48,0.06,7.7,6
"250",9.9,0.96,0,7.3,6
"251",10,0.78,0.44,10.8,6
"252",9.9,0.7,0,7.1,6
"253",10.5,0.53,0.48,11.1,5
"254",9.5,0.59,0.42,7.7,5
"255",9.9,0.7,0,7.1,6
"256",9.3,0.57,0.23,8,5
"257",9.2,0.62,0.37,9.4,5
"258",9.2,0.67,0,6.6,5
"259",9.4,1.26,0.76,7.7,5
"260",10.5,0.8,0.47,10,7
"261",9.3,0.65,0.23,7.9,5
"262",9.4,0.6,0.04,7,4
"263",10,0.57,0.03,8,5
"264",9.3,0.67,0.23,7.9,5
"265",10.9,0.87,0.49,12.5,5
"266",10.2,0.72,0.52,11.8,7
"267",9.8,0.72,0,8.1,4
"268",12.8,0.86,0.46,7.9,8
"269",9.4,0.91,0.04,6.9,6
"270",10.1,0.97,0.51,11.5,6
"271",10.7,0.67,0.06,7.9,6
"272",10.1,0.97,0.51,11.5,6
"273",10.1,0.78,0.58,10.9,5
"274",9.4,0.64,0.2,8.4,5
"275",9.4,0.77,0.18,7.5,5
"276",10.7,0.67,0.06,7.9,6
"277",9.4,0.91,0.04,6.9,6
"278",10.1,0.97,0.51,11.5,6
"279",12.6,0.82,0.45,10.3,8
"280",10.5,0.77,0.32,8.9,7
"281",9.3,0.82,0.44,11.4,6
"282",9.9,1.08,0.68,7.7,7
"283",9.1,0.57,0.12,7.6,5
"284",10.5,0.77,0.32,8.9,7
"285",9.8,0.71,0.07,9.9,5
"286",9.8,0.71,0.07,9.9,5
"287",10.3,0.76,0.55,12,6
"288",10.3,0.7,0.12,7.5,6
"289",10.6,0.86,0.09,8.7,7
"290",9.2,0.95,0.53,11.6,5
"291",10.6,0.86,0.09,8.7,7
"292",10.5,0.71,0.48,11,5
"293",10.3,0.64,0.23,10.4,6
"294",10.1,0.6,0.25,6.9,6
"295",9.5,0.81,0.52,13.3,6
"296",9.5,0.64,0.46,10.8,5
"297",9.9,0.52,0.37,10.6,5
"298",9.6,0.73,0.06,7.1,5
"299",9.7,0.8,0.02,7.2,5
"300",9.6,0.71,0.06,6.9,5
"301",10.7,0.59,0.06,7.5,6
"302",10.1,0.64,0.48,11.1,6
"303",10,0.72,0.12,8.3,5
"304",9.5,0.54,0.12,7.4,5
"305",9.2,0.52,0.6,8.4,5
"306",9.3,0.59,0.48,10.3,6
"307",9.4,0.52,0.32,7.6,5
"308",9.5,0.62,0.42,10.3,6
"309",9.5,0.63,0.44,10.3,6
"310",9.5,0.53,0.38,7.4,6
"311",9.3,0.59,0.48,10.3,6
"312",9.4,0.54,0.24,7.9,6
"313",9.5,0.63,0.31,9,6
"314",9.4,0.53,0.3,8.6,5
"315",11,0.68,0.29,7.4,5
"316",11,0.65,0.29,7.1,6
"317",10.1,0.65,0.23,9.6,5
"318",10.4,0.64,0.12,9.6,6
"319",11.5,0.71,0.39,9.8,7
"320",10.4,0.64,0.12,9.6,6
"321",11.5,0.71,0.39,9.8,7
"322",9.7,0.62,0.26,9.3,5
"323",9.3,0.63,0.05,7.8,5
"324",9.5,0.7,0.42,10.3,6
"325",9.2,0.69,0.2,10,6
"326",9.2,0.69,0.2,10,6
"327",11.5,0.74,0.66,11.6,7
"328",11.5,0.83,0.5,10.3,5
"329",9.7,0.67,0.62,13.4,6
"330",9.5,0.62,0.39,10.7,5
"331",12.5,0.66,0.64,10.2,6
"332",12.5,0.66,0.64,10.2,6
"333",9.4,0.54,0.28,8,6
"334",11,0.52,0.08,8.4,5
"335",11.7,0.74,0.01,7.9,7
"336",12.2,0.84,0.53,11.9,7
"337",12.5,0.7,0.45,8.9,6
"338",10.3,0.64,0.32,7.8,5
"339",11.5,1,0.58,12.4,6
"340",9.8,1.36,0.54,12.5,7
"341",9.2,1.18,0.5,12.2,6
"342",11.3,0.87,0.48,10.6,6
"343",9.8,0.75,0.47,10.9,6
"344",9.8,0.75,0.47,10.9,6
"345",10.7,0.78,0.5,11.9,6
"346",9.9,0.81,0,7,5
"347",12.3,0.89,0.02,6.6,7
"348",12,0.93,0.67,13.8,6
"349",10,0.92,0.31,9.6,6
"350",9.4,0.86,0,9.1,6
"351",9.9,0.98,0.22,10.7,6
"352",9.4,0.83,0,9.1,6
"353",9.3,0.73,0,7.7,5
"354",13,0.77,0.79,13.5,5
"355",11.9,0.59,0.4,6.1,6
"356",12.8,0.61,0.01,6.7,6
"357",11,0.88,0.52,11.5,5
"358",11.7,0.75,0.66,10.5,7
"359",10.4,0.85,0.66,11.9,7
"360",9.8,0.68,0.66,12.6,6
"361",9.4,0.7,0.23,8.2,5
"362",9.9,0.91,0.31,8.6,6
"363",10,0.56,0.66,11.9,5
"364",10.2,0.87,0.63,12.5,5
"365",10,0.73,0.66,12.8,7
"366",11.8,0.93,0.5,10,6
"367",10,0.73,0.66,12.8,7
"368",9,0.69,0.61,10.4,5
"369",9.4,0.64,0.52,10.3,5
"370",12,1.13,0.53,9.4,7
"371",9.9,0.78,0.02,6.9,5
"372",8.7,0.87,0.4,7.9,6
"373",10.6,1.04,0.48,9.1,6
"374",9.2,0.63,0.22,7.4,5
"375",10.8,0.81,0.63,14,6
"376",11.8,0.83,0.71,11.5,7
"377",11,1.11,0.5,11.5,6
"378",12,1.13,0.53,9.4,7
"379",13.3,0.99,0.66,11.4,6
"380",10.8,0.7,0.38,8.3,6
"381",9.4,0.8,0.42,8.3,6
"382",10,0.8,0.68,13.7,6
"383",9.4,0.8,0.42,8.3,6
"384",9.4,0.8,0.42,8.3,6
"385",9.2,0.74,0.28,7.7,5
"386",9.7,0.76,0.07,7.4,6
"387",9.2,0.74,0.26,7.8,6
"388",9.6,0.54,0.15,8.3,6
"389",9.2,0.74,0.26,7.8,6
"390",10,0.7,0.31,9.6,7
"391",12.9,0.82,0.05,5.6,8
"392",10,0.8,0.68,13.7,6
"393",9.5,0.51,0.52,9.5,5
"394",9.1,0.54,0.61,8.4,5
"395",9.9,0.57,0.65,12.7,5
"396",13,0.6,0.76,12,7
"397",9.9,0.53,0.02,6.6,5
"398",11,0.65,0.59,11.5,6
"399",11,0.65,0.59,11.5,6
"400",9.4,0.55,0.22,8.7,5
"401",9.9,0.53,0.02,6.6,5
"402",10.8,0.47,0.3,7.7,6
"403",10.5,0.61,0.54,12.2,6
"404",10.5,0.63,0.49,11.4,6
"405",9.1,0.61,0.05,7.7,5
"406",10.1,0.76,0.46,8.7,6
"407",10.8,0.65,0.47,9.8,6
"408",10.8,0.63,0.66,12,7
"409",11.3,0.7,0.58,10.4,6
"410",9.6,0.57,0.49,12.5,4
"411",9.5,0.62,0.34,9,6
"412",9.5,0.62,0.35,9.1,5
"413",9.3,0.64,0.16,7.1,5
"414",11.7,0.82,0.53,9.9,7
"415",9.5,0.61,0.34,8.8,5
"416",9.3,1.07,0.24,8.6,5
"417",11.7,0.66,0.64,10.6,6
"418",10.5,0.48,0.12,7,5
"419",10.4,0.76,0.51,11.9,6
"420",9.9,0.68,0,6.8,5
"421",11.8,0.73,0.33,9.5,7
"422",12.3,0.56,0.03,6.6,7
"423",10.9,0.44,0.2,7.7,5
"424",11,0.9,0.47,10.5,7
"425",10.9,0.44,0.2,7.7,5
"426",12.3,0.56,0.03,6.6,7
"427",11.4,0.49,0.08,6.4,6
"428",10.6,0.56,0.22,9.5,6
"429",9.3,0.6,0.33,9.1,5
"430",10.4,0.6,0.63,12.8,6
"431",11,0.9,0.47,10.5,7
"432",9.2,0.56,0.35,7.8,5
"433",12.8,0.65,0.69,11.9,6
"434",9.5,0.49,0.63,12.3,5
"435",9.9,0.89,0.55,10.4,6
"436",9.5,0.49,0.63,12.3,5
"437",10.2,0.56,0.3,8,6
"438",11.2,0.66,0.73,11.1,6
"439",9.9,0.89,0.55,10.4,6
"440",9.3,0.6,0.18,7,5
"441",9.8,0.82,0.72,12.6,8
"442",11.3,0.68,0.65,11.9,6
"443",11.2,0.68,0.76,15.6,7
"444",11.6,0.63,0.49,10,7
"445",12.5,0.84,0.01,5.3,7
"446",10.1,0.56,0.1,9.5,6
"447",10.5,0.73,0.6,12.5,5
"448",11.2,0.72,0.29,9.3,5
"449",10.2,0.56,0.22,8.6,6
"450",10.8,0.61,0.69,11.9,6
"451",10.8,0.61,0.69,11.9,6
"452",9.1,1.06,0.53,8.4,6
"453",10,0.63,0.03,6.8,6
"454",11.2,0.74,0.63,10.4,7
"455",11.1,0.63,0.4,7,5
"456",13.4,0.69,0.67,11.3,8
"457",10.3,0.58,0.39,8.9,5
"458",9.6,0.58,0.21,9.2,5
"459",11.2,0.74,0.63,10.4,7
"460",9,0.57,0.66,11.6,3
"461",11.3,0.61,0.52,9.2,6
"462",9.3,0.61,0.22,8.3,5
"463",11.8,0.61,0.68,11,5
"464",9,0.53,0.7,8.1,5
"465",9.2,0.7,0.54,11.5,6
"466",9.7,0.91,0.4,10,5
"467",11.5,0.72,0.42,10.3,6
"468",14,0.79,0.45,8.8,6
"469",9.2,0.62,0.69,11.4,6
"470",9.8,0.58,0.02,8.7,5
"471",10.6,0.61,0.65,13,5
"472",11.4,0.71,0.42,9.6,6
"473",10.4,0.82,0.55,12.5,6
"474",10.6,0.79,0.55,9.9,5
"475",9.4,0.89,0.51,10.5,6
"476",10.2,0.6,0.24,9.6,5
"477",9.7,0.7,0.41,9.3,5
"478",11,1.06,0.49,10.4,6
"479",10.2,0.6,0.24,9.6,5
"480",10.1,0.7,0.11,9.4,6
"481",9.2,0.66,0.39,10.6,5
"482",11.7,0.92,0.56,9.4,8
"483",9.4,1.05,0.59,10.6,5
"484",9.4,1.06,0.6,10.6,5
"485",13.4,0.66,0.68,10.6,6
"486",10,0.47,0.39,10.2,5
"487",10,0.47,0.39,10.2,5
"488",10,0.42,0.36,10.2,6
"489",10.8,0.92,0.55,11.6,7
"490",10.2,0.75,0.4,9.3,6
"491",10.6,0.67,0.27,9.3,6
"492",13.3,0.79,0.5,9.2,7
"493",13.4,0.9,0.51,8.9,7
"494",11.6,0.74,0.31,8.7,6
"495",12.1,0.55,0.23,6.5,6
"496",11,0.65,0.53,10.7,8
"497",9,0.65,0.25,7.8,6
"498",11.1,0.79,0.32,7.2,5
"499",11,0.65,0.53,10.7,8
"500",11.6,0.74,0.31,8.7,6
"501",9,0.65,0.25,7.8,6
"502",12,0.85,0.73,10.4,7
"503",12,0.85,0.73,10.4,7
"504",10.9,1.04,0.47,10.5,7
"505",10.8,1.05,0.42,10.5,7
"506",12.5,0.78,0.63,10.2,7
"507",10.8,1.02,0.46,10.4,7
"508",9.5,0.71,0.55,11.2,6
"509",10.2,0.63,0.31,10,6
"510",11.4,0.68,0.75,13.3,7
"511",9.5,0.61,0.49,12.4,5
"512",10.2,0.63,0.31,10,6
"513",9.7,0.81,0.48,10.7,6
"514",11.8,0.66,0.64,10.5,7
"515",11.8,0.66,0.64,10.5,7
"516",9.3,1.14,0.49,8.5,5
"517",11.9,0.74,0.49,12.5,6
"518",8.4,0.63,0.49,10.4,3
"519",11.7,0.68,0.49,10.9,6
"520",11,0.78,0.49,7.3,5
"521",10,0.9,0.49,9.8,6
"522",9.1,0.64,0.49,7.6,5
"523",9.8,0.99,0.49,8.2,5
"524",9.4,0.55,0.49,9.3,5
"525",9.5,0.64,0.49,9.2,5
"526",9.9,0.67,0.24,10.4,5
"527",11,0.78,0.49,7.3,5
"528",11.4,0.77,0.49,7,6
"529",8.7,0.75,0.49,8.2,6
"530",9.4,0.57,0.24,9.9,5
"531",10.3,0.87,0.24,9.1,6
"532",10.3,0.61,0.49,11.9,5
"533",10.3,0.61,0.49,11.9,5
"534",12.8,0.66,0.24,10.3,6
"535",10,0.56,0.24,10,6
"536",10.3,0.87,0.24,9.1,6
"537",9.4,0.57,0.24,9.9,5
"538",10.7,0.77,0.24,8.1,6
"539",12,0.66,0.49,12.9,7
"540",11.2,0.62,0.74,11.2,5
"541",9.6,0.67,0.24,9.2,5
"542",11,0.73,0.49,9.5,6
"543",9.9,0.59,0.24,9.3,5
"544",11,0.72,0.24,11.2,6
"545",8.4,0.79,0.74,14.3,6
"546",9.1,0.59,0.49,9.1,5
"547",9.5,0.78,0.24,7.5,6
"548",10.7,0.86,0.49,10.6,6
"549",10.4,0.75,0.49,12.4,6
"550",9.4,0.61,0.49,9,6
"551",9.5,0.56,0.01,6.8,6
"552",10,0.73,0.24,9.4,6
"553",10,0.74,0.24,9.5,6
"554",11.5,0.62,0.24,5,5
"555",11.1,0.74,0.49,15.5,5
"556",11.1,0.74,0.49,15.5,5
"557",11.7,0.56,0.49,10.9,6
"558",11.1,0.74,0.49,15.6,5
"559",11.7,0.56,0.49,10.9,6
"560",12.7,0.68,0.49,13,6
"561",11.4,0.57,0.49,12.7,5
"562",9.2,0.58,0.49,9,5
"563",9.2,0.61,0.49,9,5
"564",10.1,0.61,0.49,7.6,6
"565",12.7,0.68,0.49,13,6
"566",11.4,0.57,0.49,12.7,5
"567",9,0.6,0.24,8.7,6
"568",9,0.6,0.24,8.7,6
"569",10.7,0.79,0.49,9.8,6
"570",11.7,0.57,0.24,6.2,6
"571",11,0.91,0.49,11.5,6
"572",11.7,0.57,0.24,6.2,6
"573",10.4,0.61,0.49,10.2,5
"574",9.6,0.56,0.49,10.5,4
"575",10,0.7,0.49,10.6,6
"576",10.2,0.8,0.49,12.3,6
"577",10,0.52,0.24,9.9,4
"578",9.5,0.6,0.49,8.8,5
"579",9.8,0.6,0.49,8.8,5
"580",9.8,0.51,0.49,10.6,6
"581",9.6,0.44,0.49,12.3,5
"582",9.6,0.44,0.49,12.3,5
"583",9.2,0.43,0.49,11.7,5
"584",9.9,0.66,0.49,12,7
"585",10.7,0.76,0.49,11.8,7
"586",9.6,0.66,0.24,7.6,6
"587",10.6,1.02,0.49,11.1,7
"588",9.3,0.59,0.24,7.3,5
"589",14,0.74,0.24,5,8
"590",10.5,0.74,0.49,10.2,7
"591",9.7,0.57,0.49,9,5
"592",11.5,0.5,0.49,6.6,6
"593",9.7,0.57,0.49,9,5
"594",9,0.58,0.58,9.9,5
"595",9.5,0.53,0.17,7.9,5
"596",9.3,0.57,0.41,8.9,5
"597",9.3,0.6,0.51,12.4,6
"598",10,0.63,0.58,11.9,6
"599",9.8,0.48,0.18,8.5,6
"600",9.3,0.7,0.45,12.7,6
"601",10,0.47,0.27,8.2,4
"602",9,0.56,0.52,13.2,6
"603",9.3,0.52,0,7.7,5
"604",9,0.56,0.52,13.2,6
"605",9.1,0.62,0.13,8.3,6
"606",9.2,0.59,0.13,8.3,6
"607",12.2,0.79,0.48,9.4,7
"608",10.5,0.53,0.41,8.8,6
"609",10.4,0.64,0.37,10.1,6
"610",12.7,0.52,0.19,6.3,6
"611",9.2,0.54,0.54,8.8,5
"612",9.4,0.54,0.55,13.2,5
"613",10,0.6,0,7.5,6
"614",9.8,0.74,0.38,8.2,5
"615",10.2,1.36,0.18,9.2,6
"616",9.7,0.57,0.5,9.6,5
"617",9.7,0.57,0.5,9.6,5
"618",9.8,0.93,0.51,11.5,6
"619",10.2,0.7,0.5,11.4,5
"620",9.3,0.8,0.41,11.3,5
"621",9.4,0.61,0.24,8.3,5
"622",9.4,0.62,0.23,8.2,5
"623",9.5,0.55,0.22,10,5
"624",12.1,0.96,0.25,7.9,6
"625",10.2,0.72,0,6.8,5
"626",10.2,0.72,0,6.8,5
"627",9.1,0.49,0.29,8.8,5
"628",9.1,0.49,0.29,8.8,5
"629",9.3,0.6,0.26,8.7,6
"630",9.3,0.61,0.23,7.6,5
"631",9.3,0.6,0.26,8.7,6
"632",9.5,0.63,0.54,10.4,5
"633",10.5,0.57,0.14,7.6,6
"634",11.3,0.64,0.22,10.1,4
"635",9.5,0.58,0.21,7.9,5
"636",9.7,0.55,0,8.7,5
"637",9.4,0.53,0.28,9.6,5
"638",9.4,0.53,0.27,9.5,5
"639",10.2,0.65,0.12,7.7,7
"640",10.3,1.36,0.35,8.9,6
"641",9.4,0.62,0.45,9.9,5
"642",9.5,0.63,0.44,9.5,5
"643",9.4,0.62,0.45,9.9,5
"644",9.5,0.63,0.44,9.5,5
"645",9.4,0.62,0.45,9.9,5
"646",10.1,0.69,0.1,7.8,7
"647",10.1,0.63,0.05,7.3,5
"648",11,0.58,0.01,8.3,4
"649",11.2,0.67,0.3,8.7,7
"650",11.3,0.57,0.27,6.7,6
"651",9.6,0.5,0.39,10.7,5
"652",11.2,0.67,0.25,9.8,5
"653",14.9,0.84,0.65,15.9,5
"654",12,0.54,0.59,9.4,6
"655",9.5,0.46,0.47,8.6,5
"656",9.4,0.61,0.17,9.7,5
"657",9.6,0.5,0.39,10.7,5
"658",10.5,0.68,0.59,12,7
"659",9.6,0.81,0.07,7.2,6
"660",11,0.57,0.02,7.1,4
"661",9.6,0.81,0.07,7.2,6
"662",9,0.64,0.31,7.5,5
"663",9.6,0.7,0.06,7.2,6
"664",10.2,0.79,0.46,10.1,6
"665",10.2,0.66,0.52,12.1,5
"666",9.7,0.56,0.14,9.4,5
"667",9.5,0.6,0.36,8.3,6
"668",9.2,0.66,0.45,11.3,6
"669",11,0.57,0.43,10,5
"670",9.2,0.66,0.45,11.3,6
"671",10,0.58,0.24,6.9,5
"672",9.5,0.52,0.21,8.2,5
"673",9.5,0.53,0.34,9.8,5
"674",9.5,0.52,0.21,8.2,5
"675",9.3,0.67,0.41,10.8,6
"676",10.2,0.65,0.39,9.3,5
"677",9.3,0.67,0.41,10.8,6
"678",9.9,0.48,0.11,8.6,5
"679",10,0.53,0.1,8.3,5
"680",9.6,0.54,0.45,10.8,5
"681",9,0.49,0.58,13.3,5
"682",10.2,0.49,0.23,8,6
"683",9.8,0.54,0.31,8.5,5
"684",11.3,0.56,0.23,8.1,5
"685",9.4,0.48,0.32,9.8,5
"686",11.3,0.56,0.23,8.1,5
"687",9.1,0.6,0.18,7.1,5
"688",9.7,0.59,0.23,9.1,5
"689",9.4,0.47,0.04,7.7,5
"690",9.4,1.05,0.48,8.1,5
"691",10.7,0.54,0,7.4,3
"692",9.8,0.54,0.24,9.2,5
"693",9,1.17,0.51,8.6,5
"694",9.4,0.62,0.32,9,5
"695",9.4,0.61,0.31,9,5
"696",12.8,0.62,0.02,5.1,6
"697",9.5,0.67,0.02,7,6
"698",9.5,0.67,0.02,7,6
"699",9.7,0.53,0.28,9.4,5
"700",10.8,0.62,0.55,11.8,6
"701",10.1,0.57,0.43,10.6,6
"702",9.5,0.67,0.02,7,6
"703",9.4,0.67,0.02,7,6
"704",9.6,0.7,0.48,7.5,4
"705",9.7,0.54,0.04,9.1,4
"706",9.9,0.49,0.15,8.4,5
"707",10,0.47,0.08,7,5
"708",10.5,0.51,0.19,7.4,5
"709",11.6,0.61,0.12,7.8,6
"710",10,0.66,0.47,9.7,6
"711",10.1,0.57,0.43,10.6,5
"712",9.5,0.61,0.34,8.9,5
"713",9.4,0.45,0,8.7,5
"714",9.4,0.46,0.36,8,5
"715",9.8,0.51,0.28,9.9,5
"716",9.2,0.48,0.18,7.2,6
"717",9.4,0.46,0.36,8,5
"718",10,0.57,0.11,7.6,5
"719",9.6,0.44,0.04,8.4,5
"720",9.5,0.54,0,7.1,5
"721",9.6,0.44,0.04,8.4,5
"722",9.2,0.53,0.24,8.9,5
"723",10,0.59,0.08,7.6,5
"724",9.5,1.62,0.3,7.1,5
"725",11.2,0.6,0.1,7.5,4
"726",10.4,0.55,0.17,9,5
"727",11.1,0.72,0.09,8.1,6
"728",9.5,0.68,0.02,6.4,5
"729",9.5,0.68,0.02,6.4,5
"730",12.7,0.49,0.03,6.4,6
"731",9.6,0.67,0.66,9.5,5
"732",11.5,0.52,0.13,8.9,5
"733",9.6,0.47,0.03,7.3,5
"734",9.5,0.6,0.34,7,5
"735",9.3,0.62,0.2,7.7,5
"736",9.5,0.5,0.1,7.7,5
"737",9.5,0.5,0.1,7.7,5
"738",9.3,0.65,0,8.2,6
"739",9.2,0.56,0.23,9,5
"740",9.3,0.6,0,9,5
"741",11.5,0.68,0.29,8.3,6
"742",9.5,0.57,0.24,9.2,5
"743",9.2,0.65,0,6.5,5
"744",10,0.53,0.58,11.6,5
"745",9.5,0.51,0.54,11.1,5
"746",9.5,0.73,0.18,7.3,6
"747",9,0.47,0.38,8.2,6
"748",9.4,0.48,0.4,8.6,5
"749",9.6,0.72,0.18,7.2,6
"750",9.5,0.73,0.18,7.3,6
"751",9.5,0.55,0.1,8.3,5
"752",9.5,0.55,0.1,8.3,5
"753",9.4,0.61,0.13,7.6,5
"754",9.5,0.55,0.1,8.3,5
"755",9.1,1.06,0.68,7.8,6
"756",10.7,0.43,0.07,7.8,6
"757",11.2,0.46,0.01,6.3,6
"758",9.8,0.5,0,8.1,5
"759",9.8,0.5,0,8.1,5
"760",9.2,0.52,0.21,8.8,5
"761",9.7,0.57,0.25,9,5
"762",9.6,0.42,0.26,9.3,5
"763",10,0.53,0,8.8,6
"764",9.6,0.42,0.26,9.3,5
"765",9.5,0.55,0.11,9.1,6
"766",9.5,0.54,0.1,9.2,6
"767",9.4,0.54,0.18,8.8,5
"768",9.5,0.62,0.32,7.5,5
"769",9.7,0.53,0.02,7.1,6
"770",9.6,0.54,0.01,7.9,5
"771",9.7,0.53,0.02,7.1,6
"772",9.4,0.55,0.26,9.4,5
"773",9.4,0.55,0.27,9.5,5
"774",9.5,0.92,0.29,7.9,6
"775",9.5,0.91,0.3,7.9,6
"776",10,0.46,0,7.2,5
"777",10.3,0.6,0.18,6.9,6
"778",10.3,0.59,0.17,6.9,6
"779",10.5,0.61,0.3,8.3,5
"780",9.8,0.6,0.03,7.1,5
"781",9.4,0.6,0,7,6
"782",9.8,0.65,0.14,6.5,5
"783",10,0.53,0.05,9,5
"784",9.8,0.65,0.14,6.5,5
"785",9.8,0.59,0.01,7.1,5
"786",9.5,0.5,0.41,9.9,5
"787",9.5,0.5,0.41,9.9,5
"788",10.1,0.56,0.24,10,6
"789",10.1,0.56,0.24,10,6
"790",9.3,0.52,0.17,8.6,5
"791",9.7,0.68,0.43,7.4,6
"792",9.6,0.54,0.17,8.8,5
"793",9.7,0.6,0.02,7.1,6
"794",10.8,0.56,0,7.7,5
"795",12.5,0.53,0.54,10.1,6
"796",10.2,1.18,0.3,10.8,5
"797",9.6,0.74,0.31,8.7,5
"798",10.8,0.81,0.44,9.3,7
"799",10.7,0.52,0.34,9.4,6
"800",10.7,0.52,0.34,9.4,6
"801",9.4,0.51,0.08,7.2,5
"802",10,0.44,0.09,8.6,5
"803",12.9,0.94,0,5.1,7
"804",9.6,0.66,0.08,7.7,6
"805",9.9,0.57,0.22,8.4,6
"806",12.8,0.7,0.4,8.2,7
"807",12.5,0.71,0.39,8.4,7
"808",12.8,0.7,0.4,8.2,7
"809",9.2,0.86,0.12,7.4,5
"810",10.3,0.55,0.31,7.6,6
"811",10.5,0.47,0.1,7.3,5
"812",10.9,0.68,0.55,12.9,6
"813",10.8,0.71,0.33,10.8,5
"814",11.4,0.58,0.24,6.9,4
"815",11.3,0.76,0.54,12.6,6
"816",10.8,0.71,0.33,10.8,5
"817",10.5,0.58,0.19,9.8,6
"818",11.9,0.73,0.42,10.8,6
"819",9.4,0.45,0,7.1,5
"820",9.6,0.54,0.15,9.1,5
"821",9.7,0.6,0,7,5
"822",14,0.74,0,4.9,7
"823",9.8,0.64,0.13,6.7,5
"824",9.8,0.64,0.13,6.7,5
"825",10.3,0.53,0.28,7.1,5
"826",10.7,0.49,0.14,7.1,5
"827",11,0.64,0.34,7.5,7
"828",10.7,0.49,0.14,7.1,5
"829",12.7,0.74,0.09,7.8,8
"830",11.1,0.77,0.08,5.9,6
"831",10.9,0.55,0.07,7.5,4
"832",11.1,0.77,0.08,5.9,6
"833",9.9,0.86,0.42,10.4,3
"834",9.9,0.86,0.44,11.6,4
"835",9.4,0.47,0.26,8.8,5
"836",9.3,0.51,0.1,7.6,5
"837",11.7,0.39,0.28,6.7,7
"838",11.7,0.39,0.28,6.7,7
"839",11.2,0.83,0.35,10.1,7
"840",10,0.47,0.04,6,5
"841",12.1,0.77,0.47,11.1,7
"842",10.3,0.63,0,6.6,5
"843",10.9,0.72,0.45,10.6,6
"844",9.4,0.62,0.35,7.1,5
"845",10.6,0.83,0.46,9.9,6
"846",9.8,0.66,0.21,6.4,5
"847",9.8,0.66,0.21,6.4,5
"848",9.9,0.7,0.16,7.4,6
"849",9.8,0.66,0.21,6.4,5
"850",9.8,0.66,0.21,6.4,5
"851",9.5,0.55,0.44,9.3,5
"852",9.5,0.55,0.44,9.3,5
"853",9.7,1.07,0.32,8,5
"854",10.9,0.73,0.39,9.3,6
"855",10.9,0.73,0.39,9.3,6
"856",11.7,0.71,0.02,7.6,7
"857",10.9,0.73,0.39,9.3,6
"858",11.3,0.78,0.34,8.2,7
"859",10.6,0.67,0.47,11.7,7
"860",11.2,0.82,0.22,6.8,6
"861",9.5,0.54,0.06,7.2,5
"862",11.5,0.6,0.66,5.8,6
"863",10.4,0.44,0.32,7.5,5
"864",9.7,0.53,0.06,7.2,5
"865",9.5,0.54,0.06,7.2,5
"866",9.7,0.54,0.07,7.2,5
"867",11.3,0.83,0.22,6.8,6
"868",11.2,0.84,0.23,6.9,6
"869",11.2,0.82,0.22,6.8,6
"870",10.9,0.64,0.03,7.6,6
"871",11.8,0.57,0.01,7.7,6
"872",10.6,0.57,0.03,6.9,5
"873",10,0.54,0.24,7.3,4
"874",11.1,0.58,0.37,9.1,7
"875",11.8,0.65,0.46,10.4,7
"876",11.8,0.79,0.4,8.8,7
"877",10.9,0.58,0,7.1,4
"878",11.8,0.57,0.01,7.7,6
"879",10,0.5,0.19,8.8,6
"880",9.5,0.55,0.04,7.2,5
"881",9.9,0.49,0.18,9.2,5
"882",11.4,0.65,0,7.6,6
"883",12,0.78,0.29,8.4,6
"884",9.5,0.55,0.04,7.2,5
"885",10,0.5,0.19,8.8,6
"886",10.5,0.64,0.14,8.9,5
"887",10.4,0.65,0.12,9,6
"888",12.1,0.79,0.38,10.7,7
"889",11.2,0.56,0,6.8,6
"890",9.3,0.68,0.34,10.7,5
"891",10.1,0.58,0.24,7.2,5
"892",9.7,0.57,0.03,7.2,5
"893",9.3,0.65,0.23,10.1,6
"894",9.7,0.57,0.03,7.2,5
"895",9.8,0.58,0.03,7.2,6
"896",10.7,0.58,0.01,7.1,6
"897",12.5,0.77,0.39,8.3,7
"898",10.7,0.58,0.01,7.1,6
"899",12.5,0.77,0.39,8.3,7
"900",11,0.49,0.02,8.3,3
"901",11.8,0.69,0.36,8.9,5
"902",10.8,0.69,0.1,7.4,7
"903",10.8,0.69,0.1,7.4,7
"904",10.8,0.59,0.06,6.8,7
"905",10.8,0.59,0.06,6.8,7
"906",9.5,0.59,0.2,9.2,5
"907",11,0.71,0.27,7.2,5
"908",11.5,0.54,0,6.1,6
"909",10.8,0.59,0.13,7.4,6
"910",11.5,0.52,0.39,7.3,6
"911",13.2,0.57,0.48,9.3,6
"912",10.9,0.6,0.46,9.1,6
"913",12.2,0.62,0.44,10,6
"914",12.2,0.64,0.46,9.4,7
"915",11.5,0.52,0.39,7.3,6
"916",11.9,0.67,0.4,8.6,6
"917",11,0.61,0.19,5.3,5
"918",10.1,0.64,0.31,6.8,6
"919",11,0.72,0.32,8.4,6
"920",11.8,0.89,0.12,8.4,6
"921",10.5,0.56,0.37,9.6,5
"922",11,0.72,0.32,8.4,6
"923",11.8,0.89,0.12,8.4,6
"924",10.1,0.64,0.31,6.8,6
"925",11.2,0.8,0.27,8.6,5
"926",11,0.87,0.36,8.6,7
"927",10.2,0.9,0.33,9.4,6
"928",9.2,0.59,0.19,8.4,4
"929",11.2,0.8,0.27,8.6,5
"930",12,0.73,0.38,8.7,7
"931",10.5,0.73,0.01,6.6,5
"932",9.8,0.65,0.01,7.4,5
"933",9.5,0.59,0.29,7.6,6
"934",9.8,0.65,0.01,7.4,5
"935",10.5,0.73,0.01,6.6,5
"936",11.8,0.72,0.38,8.8,6
"937",11.8,0.72,0.38,8.8,6
"938",10.4,0.6,0.5,12,4
"939",12.9,0.72,0.38,7.2,7
"940",11.4,0.54,0.17,6.2,5
"941",12.4,0.76,0.52,9.6,7
"942",12.5,0.52,0.49,9.9,7
"943",10,0.64,0.4,10.1,7
"944",9.7,0.6,0.34,9.8,7
"945",12.1,0.64,0.49,8.3,7
"946",11.1,0.79,0.42,10.2,7
"947",12,0.99,0.58,10.2,7
"948",12.4,0.62,0.48,8.3,7
"949",11.9,0.76,0.45,8.9,7
"950",11.9,0.76,0.45,8.9,7
"951",11.9,0.76,0.45,8.9,7
"952",12.4,0.62,0.48,8.3,7
"953",11.2,0.68,0.4,8.2,7
"954",12.1,0.69,0.48,10.2,7
"955",12.2,0.54,0.4,7.6,6
"956",10.4,0.67,0.52,8.5,5
"957",11.3,0.62,0.52,9,6
"958",11.1,0.58,0.52,9.5,6
"959",11.3,0.71,0.12,6.4,7
"960",10,0.61,0.05,8,5
"961",11.1,0.85,0.27,8.5,6
"962",9.3,0.62,0.14,7.1,5
"963",9.5,0.69,0.02,6.6,5
"964",11.2,0.69,0.39,8.8,6
"965",11.1,0.85,0.27,8.5,6
"966",11,0.86,0.4,8.3,6
"967",11.9,0.58,0.41,9,7
"968",9.2,0.48,0.2,8.5,5
"969",12.2,0.6,0.43,9,6
"970",10.2,0.61,0.09,6.7,5
"971",10.9,0.87,0.48,10.4,6
"972",10.9,0.87,0.48,10.4,6
"973",11.6,0.65,0.5,10.1,7
"974",10.7,0.63,0.44,8.5,5
"975",12.1,0.62,0.41,8.8,7
"976",9.4,0.52,0.3,7.2,5
"977",9.4,0.52,0.3,7.2,5
"978",9.1,0.5,0.29,8.4,5
"979",11.3,0.49,0.32,7,7
"980",10.4,0.63,0.49,12.2,5
"981",10.5,0.71,0.3,9.1,6
"982",10,0.62,0.26,9.5,5
"983",12.9,0.82,0.32,7.3,6
"984",10.5,0.71,0.3,9.1,6
"985",10.4,0.63,0.49,12.2,5
"986",11.3,0.58,0,7.4,6
"987",11.4,0.55,0.39,9.8,7
"988",9.4,0.5,0.3,7.1,5
"989",9.4,0.49,0.12,7.7,5
"990",10.9,0.51,0.4,9.7,6
"991",9.4,0.49,0.12,7.7,5
"992",9.4,0.48,0.28,7.1,5
"993",9.4,0.48,0.1,6.5,6
"994",9.4,0.48,0.28,7.1,5
"995",9.4,0.43,0.45,10,5
"996",10.1,0.62,0.06,7.7,6
"997",12.8,0.63,0,5.6,7
"998",12.8,0.63,0,5.6,7
"999",9.1,0.48,0.34,8.9,6
"1000",12.9,0.53,0,6.4,6
"1001",11.5,0.72,0.3,7.5,7
"1002",10.6,0.82,0.38,9.9,7
"1003",11.7,0.84,0.33,9.1,7
"1004",12.8,0.55,0.32,6.8,7
"1005",10.3,0.54,0.29,8.2,5
"1006",12.8,0.55,0.32,6.8,7
"1007",11.7,0.84,0.33,9.1,7
"1008",11.7,0.84,0.34,9.1,7
"1009",12,0.7,0.4,8.9,7
"1010",10.9,0.68,0.36,9.6,5
"1011",12.3,0.55,0.45,8.9,7
"1012",10.4,0.55,0.31,8.9,6
"1013",10,0.48,0.15,7.7,5
"1014",10,0.58,0,7.5,6
"1015",11.2,0.58,0.16,8,6
"1016",11.4,0.84,0.46,10.5,6
"1017",12.6,0.75,0.4,8.9,7
"1018",12.7,0.44,0.37,8,6
"1019",12.7,0.44,0.37,8,6
"1020",10.4,0.61,0.14,7,5
"1021",11.9,0.53,0.66,11.3,6
"1022",11.9,0.53,0.66,11.3,6
"1023",10.5,0.54,0.09,7,5
"1024",12.3,0.55,0.42,8.2,6
"1025",10.5,0.56,0.01,7.7,7
"1026",10.4,0.6,0,8.6,6
"1027",12.6,0.56,0.32,7.9,6
"1028",11.6,0.52,0,6.4,5
"1029",10.1,0.54,0.21,7.2,6
"1030",10.5,0.56,0.01,7.7,7
"1031",11.5,0.55,0,7.1,7
"1032",11,0.58,0.01,7.3,7
"1033",9.6,0.53,0,8.1,5
"1034",10.4,0.59,0.08,7.5,6
"1035",9.7,0.47,0.18,8.9,6
"1036",10.6,0.65,0.34,10.1,7
"1037",12.5,0.59,0.34,7.6,7
"1038",9.2,0.56,0.1,7.3,5
"1039",12.6,0.77,0.41,8.7,7
"1040",11.1,0.83,0.21,8.9,6
"1041",10.2,0.67,0,7.4,5
"1042",9.8,0.64,0.19,6.9,6
"1043",11.1,0.83,0.21,8.9,6
"1044",10.9,0.81,0.41,9.5,7
"1045",12.2,0.62,0.33,6.4,6
"1046",11.4,0.58,0,6.9,6
"1047",10.7,0.62,0,7.6,6
"1048",10.4,0.64,0.17,7.1,5
"1049",10.9,0.78,0.36,9.3,6
"1050",10.8,0.77,0.36,9.3,6
"1051",10.4,0.64,0.17,7.1,5
"1052",9.2,1.34,0.59,8.5,5
"1053",12.9,0.55,0.05,5.6,5
"1054",12.7,0.77,0.42,8.3,7
"1055",9.1,0.62,0.27,8.2,6
"1056",9.1,0.62,0.27,8.2,6
"1057",12.1,0.59,0.53,8.9,7
"1058",9.1,0.57,0.25,7.6,5
"1059",11.6,0.76,0.57,9.9,7
"1060",12.1,0.59,0.53,8.9,7
"1061",9.9,0.7,0.57,11.6,6
"1062",12.5,0.69,0.5,9.1,8
"1063",11.4,0.64,0.44,8,6
"1064",11.8,0.63,0.65,10.2,6
"1065",11.8,0.57,0.09,8.2,6
"1066",10.2,0.6,0.18,7.7,6
"1067",12.5,0.72,0.08,6.6,7
"1068",10.9,0.83,0.53,11.1,7
"1069",10.9,0.83,0.53,11.1,7
"1070",10.8,0.62,0.35,8,5
"1071",11.1,0.89,0.45,9.3,7
"1072",9.2,0.58,0.2,7.5,5
"1073",9.5,0.58,0.26,7.2,6
"1074",10.7,0.58,0.33,8,6
"1075",9.2,0.58,0.2,7.5,5
"1076",10.2,0.86,0.34,9.1,7
"1077",11.4,0.73,0.56,9.9,6
"1078",11,0.58,0.65,8.6,5
"1079",11,0.58,0.65,8.6,5
"1080",12.3,0.51,0.68,7.9,7
"1081",11.8,0.51,0.56,10.3,6
"1082",12.3,0.51,0.68,7.9,7
"1083",9.5,0.59,0.3,7.2,6
"1084",12,0.77,0.45,8.7,6
"1085",9.5,0.59,0.3,7.2,6
"1086",9.6,0.49,0.08,6.8,5
"1087",11.6,0.66,0.4,8.5,7
"1088",11.2,0.69,0.42,7.9,6
"1089",9.9,0.76,0.54,11.6,7
"1090",9.9,0.76,0.54,11.6,7
"1091",11.8,0.63,0.54,10,8
"1092",11.4,0.6,0.42,7.9,6
"1093",11.5,0.59,0.09,7,6
"1094",12,0.86,0.36,9.2,7
"1095",10.8,0.49,0.09,6.6,6
"1096",10.5,0.5,0.47,9.4,5
"1097",10.8,0.49,0.09,6.6,6
"1098",9.4,0.52,0.38,8.6,5
"1099",12.5,0.81,0.45,8,7
"1100",9.4,0.52,0.38,8.6,5
"1101",12.4,0.78,0.42,8.4,6
"1102",12,0.63,0.27,7.4,6
"1103",11.2,0.54,0.09,6.1,6
"1104",12,0.63,0.27,7.4,6
"1105",12.4,0.66,0.34,8,6
"1106",12.8,0.6,0.28,6.3,5
"1107",12.3,0.54,0.42,8.2,6
"1108",11.7,0.85,0.41,9.1,7
"1109",9.5,0.49,0.1,8.1,5
"1110",10.8,0.76,0.43,10.8,6
"1111",10,0.64,0,8.3,6
"1112",12.3,0.64,0.27,5.4,7
"1113",11,0.71,0.41,7.9,6
"1114",9.5,0.59,0.39,8.9,6
"1115",13.6,0.66,0.5,5,6
"1116",11.3,0.6,0.07,7,6
"1117",11.3,0.6,0.07,7,6
"1118",11.3,0.6,0.07,7,6
"1119",13.3,0.53,0.12,7.1,6
"1120",12.9,0.58,0,5.6,5
"1121",13.1,0.72,0.34,7.9,8
"1122",12.3,0.55,0,6.6,6
"1123",12.3,0.48,0,6.3,6
"1124",11.2,0.65,0.37,10.7,6
"1125",11.5,0.62,0,6.5,4
"1126",11.3,0.59,0.35,8.8,7
"1127",13.5,0.54,0.26,5.8,6
"1128",11.5,0.6,0,6.3,6
"1129",10,0.68,0.33,10,5
"1130",10.5,0.69,0.35,10.5,6
"1131",10.4,0.63,0,9.1,6
"1132",9.5,0.44,0.21,5.9,5
"1133",13.6,0.88,0.34,7.4,7
"1134",11.2,0.68,0.07,7.2,7
"1135",11.8,0.74,0.35,8.5,7
"1136",11.9,0.6,0.43,8,6
"1137",11.4,0.76,0.45,10.4,6
"1138",11.4,0.76,0.45,10.4,6
"1139",9.1,0.58,0.15,7.5,5
"1140",9.5,0.64,0.24,8.2,6
"1141",9.5,0.65,0.3,7.3,6
"1142",11,0.85,0.32,8.2,6
"1143",11.4,0.65,0.11,6.9,6
"1144",10,0.82,0.3,7,6
"1145",10.1,0.62,0.23,7.3,5
"1146",10.4,0.81,0.43,8.2,6
"1147",9.8,0.87,0.12,7.8,6
"1148",11.8,0.49,0.45,10,7
"1149",11.6,0.66,0.42,7.8,6
"1150",12,0.52,0.47,10,6
"1151",12.8,0.76,0.32,8.2,7
"1152",12.5,0.65,0.23,6.1,6
"1153",9.8,0.53,0.25,8.3,5
"1154",11.1,0.66,0.35,9.6,6
"1155",11.4,0.68,0,6.6,6
"1156",9.8,0.53,0.25,8.3,5
"1157",11.8,0.76,0.51,8.5,7
"1158",12.9,0.87,0.18,5.1,7
"1159",10.6,1.16,0.43,6.7,6
"1160",10.8,0.67,0.43,10.2,5
"1161",11.1,0.72,0.57,10.6,7
"1162",10.2,0.75,0.43,8.8,6
"1163",11.8,0.71,0.42,8.5,7
"1164",10,0.67,0.24,9,5
"1165",10,0.67,0.24,9,5
"1166",9.4,1.1,0.5,8.5,5
"1167",10.2,0.98,0.26,9.9,5
"1168",12.4,0.88,0.39,8.2,7
"1169",12,0.56,0.27,6.5,6
"1170",11.5,0.62,0.29,7.6,6
"1171",10.5,0.67,0.34,9.2,6
"1172",10.8,0.68,0,7.1,6
"1173",12.3,0.74,0.46,9.7,6
"1174",9.5,0.62,0.31,7.6,6
"1175",9.5,0.62,0.31,7.6,6
"1176",11.5,0.7,0,6.5,6
"1177",11.2,0.5,0.03,6.5,4
"1178",12.7,0.66,0,7.1,7
"1179",11.4,0.73,0,5.6,5
"1180",11,0.81,0.33,8.2,6
"1181",11,0.81,0.33,8.2,6
"1182",11.4,0.46,0.43,9.8,5
"1183",10.5,0.86,0.4,10.2,6
"1184",9.3,0.6,0.07,6.8,5
"1185",10.9,0.7,0.23,6.7,5
"1186",11.9,0.46,0.3,7,6
"1187",12.2,0.5,0.03,6.6,5
"1188",11.9,0.46,0.3,7,6
"1189",10.9,0.7,0.23,6.7,5
"1190",9.6,0.44,0.05,8.8,4
"1191",12.5,0.57,0.57,9.1,6
"1192",10.8,0.51,0,6.5,5
"1193",12.4,0.8,0.37,7.2,7
"1194",10.8,0.51,0,6.4,5
"1195",9.5,0.59,0.12,7,6
"1196",9.5,0.6,0.22,6.2,6
"1197",9.5,0.58,0.23,7.9,6
"1198",9.8,0.54,0.21,7.7,6
"1199",10.9,0.79,0.26,7.7,6
"1200",9.5,0.58,0.23,7.9,6
"1201",9.8,0.54,0.21,7.7,6
"1202",11.2,0.54,0.36,7.9,7
"1203",11.7,0.69,0.39,8.6,8
"1204",9.4,0.55,0.19,9.9,5
"1205",11,0.85,0.46,7.2,7
"1206",11,0.85,0.46,7.2,7
"1207",11,0.85,0.46,7.2,7
"1208",10,0.94,0.55,9.9,5
"1209",11,0.85,0.46,7.2,7
"1210",11.2,0.87,0.43,6.2,7
"1211",10.4,0.62,0.02,6.8,6
"1212",9.3,0.62,0.15,6.6,5
"1213",10.4,0.62,0.02,6.8,6
"1214",10.5,0.75,0.42,9.6,6
"1215",10.4,0.48,0.46,10.2,6
"1216",11.3,0.56,0.46,8.8,6
"1217",9.5,0.69,0.31,7.9,6
"1218",12,0.81,0.37,8.2,6
"1219",10.6,0.69,0.31,8.2,6
"1220",10.9,0.83,0.4,9,6
"1221",11.5,0.77,0.52,10.9,6
"1222",11.5,0.77,0.52,10.9,6
"1223",9.6,0.46,0.22,8.1,6
"1224",12,0.76,0.47,10.5,6
"1225",10.3,0.82,0.49,12.6,6
"1226",9.4,0.51,0.23,9.2,5
"1227",9.2,0.47,0.03,7.5,5
"1228",9.6,0.72,0.25,9,5
"1229",13.6,0.73,0,5.1,7
"1230",9.5,0.64,0.29,7.6,5
"1231",11.8,0.78,0.34,7.7,6
"1232",10.8,0.62,0.01,7.8,5
"1233",9.5,0.64,0.29,7.6,5
"1234",9.3,0.49,0.37,10.2,4
"1235",12.8,0.4,0.01,7.1,6
"1236",11.5,0.56,0.32,6,4
"1237",9.4,0.64,0,7.8,6
"1238",12.8,0.4,0.01,7.1,6
"1239",9.6,0.46,0,8.1,4
"1240",11.8,0.56,0,6.5,4
"1241",9.3,0.4,0.2,7.5,5
"1242",9.8,0.59,0.39,9.8,5
"1243",12.2,0.6,0.41,9,6
"1244",9.5,0.62,0.22,8.3,5
"1245",10.3,0.54,0.25,5.9,6
"1246",10.5,0.68,0.19,7.4,5
"1247",10,0.48,0.07,7.4,5
"1248",10.5,0.68,0.19,7.4,5
"1249",11.1,0.75,0.33,6.9,6
"1250",10.9,0.61,0.01,7.1,6
"1251",10.9,0.61,0.01,7.1,6
"1252",9.8,0.59,0.14,7.5,5
"1253",9.8,0.58,0,7.1,5
"1254",9.5,0.58,0,7.9,5
"1255",10.9,0.69,0.06,7.8,5
"1256",11,0.45,0.02,6.1,5
"1257",9.2,0.42,0.22,7.5,5
"1258",11,0.7,0.28,7,6
"1259",11.3,0.63,0,6.8,6
"1260",11.3,0.63,0,6.8,6
"1261",9.3,1.15,0.68,8.6,5
"1262",11.2,0.55,0,6.3,4
"1263",9.8,0.58,0.38,9.8,5
"1264",9.6,0.46,0,8.2,4
"1265",11.8,0.72,0.32,8.5,6
"1266",10.3,0.6,0.05,7.2,6
"1267",10.3,0.6,0.05,7.2,6
"1268",11.4,0.87,0.5,10.4,6
"1269",9.5,0.55,0.31,6.9,6
"1270",14,0.82,0.03,5.5,8
"1271",14,0.75,0.01,5,6
"1272",11.7,0.57,0.2,7.3,6
"1273",11.2,0.53,0,5.9,5
"1274",9.3,0.43,0.2,7.5,5
"1275",11.2,0.53,0.13,7.8,6
"1276",9.5,0.54,0.22,8,6
"1277",12,0.56,0.4,8.5,4
"1278",9.7,0.6,0,7,6
"1279",9.5,0.54,0.22,8,6
"1280",11.5,0.57,0.39,9.8,7
"1281",10.4,0.64,0.2,7.1,6
"1282",10.4,0.64,0.2,7.1,6
"1283",10.9,0.68,0,7.9,6
"1284",10.2,0.63,0.28,8.7,6
"1285",10.9,0.56,0.19,7,5
"1286",10.5,0.57,0.5,11.3,5
"1287",12.4,0.54,0.44,7.1,6
"1288",13,0.37,0.08,8,5
"1289",10.2,1.17,0.3,7,5
"1290",10.2,1.17,0.3,7,5
"1291",11,0.59,0,7.6,5
"1292",10.9,0.75,0.1,8.2,6
"1293",12.4,0.67,0.13,5.9,6
"1294",9.7,0.49,0,7.5,4
"1295",10.9,0.75,0.1,8.2,6
"1296",9.5,0.45,0,6.6,5
"1297",9.5,0.45,0,6.6,5
"1298",12.1,0.61,0.14,7.2,6
"1299",12.2,0.56,0,5.7,6
"1300",10.9,0.4,0,7.6,3
"1301",12.5,0.61,0,5.2,6
"1302",11.7,0.74,0.07,6.7,6
"1303",11.2,0.8,0.32,9.1,6
"1304",11.2,0.66,0.44,8,5
"1305",9.2,0.44,0.21,7.6,5
"1306",9.8,0.53,0.26,7.5,5
"1307",10.1,0.62,0.32,9.7,5
"1308",11.1,0.52,0.09,6.8,4
"1309",10.1,0.62,0.32,9.7,5
"1310",9.2,0.61,0.1,7,5
"1311",9.8,0.53,0.26,7.5,5
"1312",12.8,0.59,0.15,6.5,6
"1313",10.5,0.47,0.21,8,5
"1314",10.1,0.54,0.21,7,6
"1315",10.1,0.53,0.21,7,6
"1316",9.8,0.58,0.27,7.5,6
"1317",12.5,0.59,0,5.4,6
"1318",11.9,0.69,0.46,9.9,6
"1319",9.8,0.58,0.27,7.5,6
"1320",9.1,1.33,0.68,9.1,6
"1321",10.1,0.66,0.34,9.7,5
"1322",12.5,0.59,0,5,6
"1323",11.4,0.55,0.42,9.1,5
"1324",11,0.82,0.39,9.1,7
"1325",10.6,0.6,0.24,6.7,6
"1326",10.6,0.6,0.24,6.7,6
"1327",10.6,0.6,0.24,6.7,6
"1328",10.6,0.6,0.24,6.7,6
"1329",9.3,0.52,0.11,6.5,5
"1330",9.8,0.56,0.26,7.4,6
"1331",9.8,0.56,0.26,7.4,6
"1332",9.2,0.46,0.26,7.8,5
"1333",9.7,0.43,0.1,8.4,6
"1334",9.6,0.51,0.22,9.1,5
"1335",10,0.52,0,7.2,5
"1336",12.6,0.66,0.02,6.6,6
"1337",9.5,0.45,0,6,5
"1338",9.5,0.45,0,6,5
"1339",9.5,0.45,0,6,5
"1340",10.5,0.54,0.02,7.5,6
"1341",10.5,0.54,0.02,7.5,6
"1342",10.5,0.54,0.02,7.5,6
"1343",10.4,0.51,0.02,7.6,6
"1344",10.5,0.54,0.02,7.5,6
"1345",11,0.53,0.48,11.5,5
"1346",10.2,0.53,0.24,8.2,6
"1347",11.4,0.56,0.01,6.1,5
"1348",9.5,0.39,0.03,7.2,5
"1349",9.5,0.39,0.03,7.2,5
"1350",10.8,0.52,0,6.9,5
"1351",10,0.57,0.29,9,5
"1352",11.8,0.51,0.01,7.2,6
"1353",10.3,0.46,0.03,7.6,5
"1354",10.3,0.46,0.03,7.6,5
"1355",10,0.52,0.03,7.2,5
"1356",10.1,0.44,0.25,6.1,5
"1357",10.1,0.44,0.25,6.1,5
"1358",11.1,0.59,0.24,7.3,6
"1359",9.5,0.5,0.17,7.4,5
"1360",10.0333333333333,0.65,0.4,11.6,6
"1361",10.9,0.56,0.31,9.2,5
"1362",10.1,0.54,0.14,8.3,5
"1363",10.0333333333333,0.65,0.4,11.6,6
"1364",9.8,0.48,0.27,8,4
"1365",11.8,0.53,0.02,7.2,6
"1366",9.5,0.62,0.09,7.8,5
"1367",9.8,0.5,0.08,7.3,5
"1368",10.5,1.18,0.3,6.9,6
"1369",9.8,0.5,0.32,8,6
"1370",10.4,0.37,0,6.6,4
"1371",9.2,1.17,0.51,8.7,5
"1372",11.6,1.03,0.56,7.5,6
"1373",9.2,1.17,0.51,8.7,5
"1374",9.3,0.45,0.27,7.7,5
"1375",9.8,0.51,0,6.8,3
"1376",9.9,0.52,0.26,7.2,5
"1377",10,0.46,0.2,8.2,5
"1378",12.2,0.62,0.26,5.2,6
"1379",9.9,0.51,0.15,7.2,6
"1380",10.8,0.62,0.02,7.5,6
"1381",10.8,0.62,0.02,7.5,6
"1382",9.6,0.45,0.09,6.8,5
"1383",9.9,0.49,0.22,8,5
"1384",9.9,0.49,0.22,8,5
"1385",9.5,0.5,0.15,7.1,5
"1386",9.2,0.42,0.25,8,5
"1387",9.6,0.58,0.07,7.4,5
"1388",9.6,0.58,0.07,7.4,5
"1389",10.3,0.68,0.31,6.6,5
"1390",9.7,0.53,0.02,6.7,5
"1391",12.5,0.59,0,6,6
"1392",11,0.58,0.22,8,5
"1393",9.8,0.48,0.06,7.1,5
"1394",10.2,0.48,0.25,8,5
"1395",9.2,0.48,0.14,6.4,5
"1396",9.55,0.65,0.1,8.6,6
"1397",9.55,0.65,0.1,8.7,5
"1398",9.9,0.52,0.26,7.3,5
"1399",10.2,0.62,0.12,7,7
"1400",11.1,0.72,0,7.2,6
"1401",9.9,0.51,0.21,7.9,5
"1402",9.9,0.51,0.21,7.9,5
"1403",11.9,0.82,0.42,7.6,6
"1404",10,1.1,0.33,7.2,8
"1405",10.7,0.62,0.39,8,6
"1406",11.3,0.9,0.3,7.7,7
"1407",10.9,0.94,0.34,8.2,6
"1408",10.7,0.93,0,6,6
"1409",12.4,1.01,0.36,8.1,7
"1410",10.7,0.93,0,6,6
"1411",11.9,0.44,0,6.6,6
"1412",10.6,0.73,0.4,6.4,6
"1413",10.9,0.94,0.34,8.2,6
"1414",10.1,0.9,0.25,9.9,5
"1415",9.6,0.78,0.59,10,5
"1416",9.4,0.84,0,6.2,5
"1417",9.6,0.78,0.59,10,5
"1418",12.1,0.77,0.33,7.3,7
"1419",9.8,0.46,0.01,7.8,5
"1420",9.9,0.45,0.21,7.7,5
"1421",9.8,0.46,0.01,7.8,5
"1422",9.4,0.58,0.18,7.5,5
"1423",11.4,0.84,0,7,6
"1424",11,0.67,0.09,6.4,4
"1425",9.6,0.7,0.37,8.3,6
"1426",9.6,0.7,0.37,8.3,6
"1427",12.1,0.71,0.37,7.7,6
"1428",11.2,0.58,0.33,7.6,5
"1429",11,0.63,0,7.8,5
"1430",11.3,0.93,0.4,7.9,5
"1431",10.4,0.62,0.24,7.4,5
"1432",9.9,0.54,0.31,7.6,6
"1433",11.7,0.85,0,5.9,6
"1434",10.1,0.74,0.16,6.1,7
"1435",9,0.77,0.37,10.2,6
"1436",9,0.77,0.37,10.2,6
"1437",8.5,0.65,0.38,10,5
"1438",11.1,0.54,0.29,6.8,5
"1439",10.3,0.47,0,7,5
"1440",11.0666666666667,0.68,0.02,7.3,6
"1441",11.3,0.73,0.32,7.2,7
"1442",9.56666666666667,0.52,0.19,7.4,6
"1443",9.8,0.75,0.02,6.9,5
"1444",11.7,0.49,0.2,6.9,5
"1445",11.1,0.68,0.02,7.3,6
"1446",9.6,0.52,0.19,7.4,6
"1447",9.8,0.75,0.02,6.9,5
"1448",9.7,0.74,0,6.8,5
"1449",9.7,0.73,0.01,6.9,5
"1450",11.3,0.76,0.31,7.2,8
"1451",11.3,0.73,0.32,7.2,7
"1452",11,0.78,0.44,7.8,7
"1453",11.6,0.76,0.02,6.6,7
"1454",9,0.58,0.33,7.6,5
"1455",10.9,0.69,0.63,11.7,6
"1456",10.9,0.63,0,6.5,6
"1457",10.55,0.5,0.06,6,6
"1458",9,0.58,0.33,7.6,5
"1459",10.5,0.6,0.4,8.4,5
"1460",11.9,0.8,0.35,7.9,7
"1461",10.4,0.68,0.09,6.4,6
"1462",10,0.61,0,6.2,4
"1463",10.4,0.58,0.03,6.8,6
"1464",10.8,0.53,0.01,6.9,6
"1465",9.7,0.67,0.1,6.8,5
"1466",9.7,0.67,0.1,6.8,5
"1467",10,0.65,0.32,7.3,7
"1468",11,0.57,0.08,6.7,4
"1469",10,0.65,0.32,7.3,7
"1470",9.7,0.55,0.05,7.3,3
"1471",9.7,0.47,0.11,10,5
"1472",12.6,0.52,0.08,6.7,5
"1473",11.1,0.79,0.6,7.6,6
"1474",11,0.54,0.08,6.1,5
"1475",8.8,0.75,0.5,9.9,5
"1476",13.5666666666667,0.88,0.11,5.3,7
"1477",8.8,0.75,0.5,9.9,5
"1478",13.6,0.88,0.11,5.3,7
"1479",10.2,0.52,0.05,7.1,3
"1480",10.6,0.68,0.6,8.2,5
"1481",10.1,0.62,0.03,5.6,4
"1482",10.6,0.68,0.6,8.2,5
"1483",10.3,0.57,0.54,7.2,4
"1484",10.7,0.61,0.44,8.1,5
"1485",10.9,0.64,0.06,6.8,4
"1486",9.7,0.55,0.16,7,5
"1487",10.3,0.6,0.21,6.8,5
"1488",10.6,0.78,0.05,6,5
"1489",11.4,0.58,0.04,5.6,5
"1490",10.8,0.76,0.1,6.2,6
"1491",12.4,0.56,0.49,7.1,6
"1492",11.4,0.58,0.04,5.6,5
"1493",11.95,0.54,0.06,6.2,5
"1494",9.7,0.59,0.26,7.7,5
"1495",10,0.7,0.09,6.4,7
"1496",10.6,0.81,0.02,7,6
"1497",9.7,0.59,0.26,7.7,5
"1498",11.5,0.63,0.03,6.9,6
"1499",10.8,0.58,0.04,6.6,6
"1500",11.5,0.63,0.03,6.9,6
"1501",9.6,0.53,0.04,7.5,5
"1502",9.4,0.53,0.29,7.8,5
"1503",9.8,0.54,0.18,7.3,5
"1504",11,0.69,0.39,6.2,6
"1505",11.4,0.55,0.57,7.5,6
"1506",9.95,0.63,0.02,6.7,3
"1507",10.8,0.66,0.05,6.8,6
"1508",11.4,0.55,0.57,7.5,6
"1509",10.6,0.72,0.6,7.1,6
"1510",11.1,0.7,0.4,7.9,5
"1511",9.7,0.77,0.21,6.4,6
"1512",9.8,0.67,0.04,7.1,5
"1513",10.4,0.65,0.04,6.4,6
"1514",10.5,0.6,0.15,6.4,6
"1515",9.23333333333333,0.72,0.21,6.9,6
"1516",9.25,0.72,0.21,6.9,6
"1517",10.6,0.97,0.25,6.1,5
"1518",10.3,0.83,0.06,6.5,6
"1519",10.5,0.63,0.46,7.4,5
"1520",10.2,0.58,0.08,6.6,5
"1521",10.3,0.83,0.06,6.5,6
"1522",9.05,0.43,0.2,6.9,4
"1523",10.6,0.97,0.25,6.1,5
"1524",10.4,0.6,0.25,6.8,5
"1525",10,0.78,0.19,6,6
"1526",9.7,0.64,0.08,6.7,5
"1527",9.6,0.65,0.08,6.8,6
"1528",10.8,0.66,0.07,7.1,6
"1529",10.1,0.67,0.49,7.9,6
"1530",10.2,0.6,0.08,7.1,6
"1531",11.3,0.69,0.09,6.6,6
"1532",10.2,0.66,0.1,6.1,5
"1533",9.9,0.68,0.13,7.2,6
"1534",9,0.61,0.3,8,5
"1535",11.7,0.62,0.14,6.6,7
"1536",9.7,0.59,0.13,7,6
"1537",10.3,0.68,0.08,6.1,6
"1538",10.2,0.64,0.08,5.4,6
"1539",12,0.63,0.09,6.2,5
"1540",9.9,0.78,0.32,7.2,5
"1541",11.6,0.63,0.08,6.2,6
"1542",10.9,0.76,0.29,7.4,7
"1543",10.75,0.56,0.02,6.7,6
"1544",10.4,0.57,0.42,11.1,6
"1545",11.2,0.81,0.43,8.4,7
"1546",10.1,0.64,0.33,6.5,6
"1547",10.2,0.61,0.02,7,5
"1548",12.1,0.51,0.1,6.3,5
"1549",10.4,0.58,0.5,11.2,5
"1550",11.4,0.7,0.3,7.4,8
"1551",9.5,0.53,0,7.1,5
"1552",9.4,0.54,0,7.1,5
"1553",11.3,0.66,0.01,6.3,6
"1554",9.4,0.6,0,7.3,5
"1555",11,0.6,0.02,6.6,6
"1556",10.55,0.68,0.17,7,7
"1557",9.9,0.56,0.04,6.6,5
"1558",11,0.6,0.02,6.6,6
"1559",9.5,0.56,0.33,6.9,5
"1560",9.9,0.52,0.26,7.8,5
"1561",9.9,0.52,0.26,7.8,5
"1562",9.9,0.52,0.26,7.8,5
"1563",10.1,0.54,0.13,7.2,5
"1564",10.1,0.54,0.13,7.2,5
"1565",10.1,0.54,0.13,7.2,5
"1566",10.9,0.82,0.02,6.7,6
"1567",11.2,0.71,0.64,6.7,6
"1568",10.1,0.54,0.13,7.2,5
"1569",9.2,0.59,0.13,7,5
"1570",11.5,0.57,0.14,6.2,6
"1571",12.4,0.93,0.53,6.4,6
"1572",11.1,0.65,0.14,6.4,6
"1573",9.5,0.51,0.32,7.3,5
"1574",12.5,0.67,0.2,6,6
"1575",10.5,0.48,0.78,5.6,6
"1576",11.8,0.64,0.4,7.5,6
"1577",10.8,0.78,0.63,8,6
"1578",11.9,0.6,0.15,6.2,6
"1579",11.3,0.67,0.15,6.8,6
"1580",11.3,0.6,0.09,6.2,5
"1581",11.9,0.6,0.33,7.4,6
"1582",11.3,0.6,0.09,6.2,5
"1583",11.9,0.5,0.1,6.1,5
"1584",9.8,0.62,0.29,6.2,5
"1585",11.6,0.8,0.44,6.7,7
"1586",11.5,0.84,0.44,7.2,6
"1587",11.4,0.85,0.41,7.5,6
"1588",10.9,0.66,0.11,5.8,6
"1589",12.8,0.78,0.33,7.2,6
"1590",9.2,0.54,0.2,6.6,5
"1591",11.6,0.82,0.15,6.3,6
"1592",11.6,0.56,0.09,5.4,6
"1593",11,0.75,0.13,6.3,6
"1594",9.5,0.82,0.08,6.8,6
"1595",10.5,0.58,0.08,6.2,5
"1596",11.2,0.76,0.1,5.9,6
"1597",11,0.75,0.13,6.3,6
"1598",10.2,0.71,0.12,5.9,5
"1599",11,0.66,0.47,6,6
